,Site_Code,Site_Name,Latitude,Longitude,Method,URL,1990,1991,1992,1993,1994,1995,1996,1997,1998,1999,2000,2001,2002,2003,2004,2005,2006,2007,2008,2009,2010,2011,2012,2013,2014,2015,average,slope,intercept,rvalue,pvalue,stderr
0,U1,Barrow,71.316667,-156.6,1000/T,www.gwu.edu/~calm/data\webforms\u1_f.htm,,,,30.0,35.0,35.0,36.0,37.0,41.0,37.0,34.0,31.0,31.0,29.0,42.0,33.0,32.0,32.0,34.0,34.0,41.0,41.0,38.0,41.0,34.0,40.0,35.56521739130435,0.18972332015810275,-344.64031620553357,0.3236968683174924,0.13187994418413354,0.12101453629878209
1,U2,"Barrow, CRREL Plots",71.316667,-156.583333,10/T,www.gwu.edu/~calm/data\webforms\u2_f.htm,,23.0,23.0,29.0,34.0,34.0,35.0,37.0,40.0,37.0,36.0,29.0,,28.0,41.0,35.0,34.0,35.0,35.0,36.0,41.0,39.0,38.0,40.0,34.0,39.0,34.666666666666664,0.39595829991980763,-758.4543063352047,0.5908655427306927,0.00236402062651267,0.115265466604204
2,U3,Atkasuk,70.45,-157.4,1000/T,www.gwu.edu/~calm/data\webforms\u3_f.htm,,,,,,44.0,47.0,45.0,51.0,49.0,43.0,40.0,42.0,37.0,59.0,47.0,47.0,46.0,,54.0,49.0,50.0,50.0,58.0,52.0,54.0,48.2,0.47150088751561375,-897.0885543356782,0.528563220840684,0.01657779305032398,0.17848542394987912
3,U4,West Dock 1 ha grid,70.366667,-148.55,100/T/B56,www.gwu.edu/~calm/data/webforms/u4_f.htm,,,,,,,30.0,31.0,34.0,33.0,28.0,29.0,29.0,29.0,35.0,27.0,34.0,27.0,30.0,25.0,29.0,29.0,34.0,35.0,31.0,37.0,30.8,0.09924812030075189,-168.2421052631579,0.18225508643293775,0.44185584740842165,0.1262033552996966
4,U5,West Dock 1 km grid,70.366667,-148.566667,1000,www.gwu.edu/~calm/data/webforms/u5_f.htm,,,,48.0,55.0,51.0,55.0,52.0,58.0,51.0,46.0,46.0,48.0,48.0,54.0,45.0,53.0,44.0,47.0,44.0,46.0,51.0,52.0,54.0,48.0,54.0,50.0,-0.10869565217391304,267.82608695652175,-0.1843024451936214,0.3998781248029113,0.12649324133177828
5,U6,Deadhorse,70.166667,-148.466667,100/T/B60,www.gwu.edu/~calm/data/webforms/u6_f.htm,,,,,,,64.0,65.0,70.0,71.0,61.0,62.0,61.0,61.0,67.0,56.0,67.0,58.0,63.0,58.0,65.0,63.0,69.0,72.0,70.0,73.0,64.8,0.21203007518796996,-360.42631578947373,0.2529629241875035,0.28189785501286196,0.1911368965766607
6,U7 A,Betty Pingo 1 km grid,70.283333,-148.866667,1000/T,www.gwu.edu/~calm/data/webforms/u7a_f.htm,,,,52.0,54.0,55.0,55.0,55.0,60.0,54.0,47.0,48.0,50.0,50.0,58.0,49.0,56.0,46.0,51.0,48.0,49.0,54.0,56.0,58.0,49.0,54.0,52.52173913043478,-0.0741106719367589,201.0395256916996,-0.12905280310367026,0.5572952975610082,0.12426725380760667
7,U7 B,Betty Pingo MNT,70.2835,-148.8928,100,www.gwu.edu/~calm/data/webforms/u7b_f.htm,,,,,,41.0,44.0,42.0,44.0,39.0,37.0,34.0,37.0,37.0,42.0,35.0,40.0,32.0,,32.0,34.0,36.0,40.0,43.0,35.0,39.0,38.15,-0.22424561172835444,487.7288146735914,-0.3718784456043177,0.10641342129674279,0.13193692509187493
8,U7 C,Betty Pingo WET,70.275,-148.919,100,www.gwu.edu/~calm/data/webforms/u7c_f.htm,,,,,,43.0,48.0,41.0,46.0,42.0,41.0,36.0,41.0,38.0,45.0,36.0,43.0,34.0,,37.0,40.0,43.0,45.0,44.0,41.0,43.0,41.35,-0.06567615541384529,173.0208401814477,-0.11352331292201064,0.6336844924787852,0.13547829711826204
9,U8,Franklin Bluff,69.683333,-148.716667,100/T/B60,www.gwu.edu/~calm/data/webforms/u8_f.htm,,,,,,,63.0,66.0,72.0,66.0,55.0,58.0,55.0,55.0,64.0,53.0,65.0,57.0,57.0,60.0,66.0,65.0,69.0,70.0,68.0,68.0,62.6,0.26766917293233083,-474.2105263157895,0.27140895572192364,0.24706282979106123,0.22372910117286068
10,U9 A,Happy Valley,69.166667,-148.833333,100/T/B40,www.gwu.edu/~calm/data/webforms/u9a_f.htm,,,,,,,36.0,40.0,47.0,44.0,,,,35.0,,32.0,39.0,33.0,43.0,38.0,43.0,40.0,42.0,44.0,42.0,42.0,40.0,0.09898666666666667,-158.61056,0.14582113176469247,0.5899803781187214,0.17948371191961807
11,U9 B,Happy Valley 1 km grid,69.1,-148.5,1000/T,www.gwu.edu/~calm/data/webforms/u9b_f.htm,,,,44.0,45.0,43.0,43.0,48.0,48.0,44.0,40.0,42.0,40.0,40.0,45.0,41.0,47.0,40.0,44.0,49.0,44.0,47.0,43.0,47.0,47.0,46.0,44.21739130434783,0.0958498023715415,-147.86561264822137,0.22860071452011652,0.2941018489364099,0.08907359665222783
12,U10,Lupine Hill,69.12883,-148.5928,100,www.gwu.edu/~calm/data/webforms/u10_f.htm,,,,,,48.0,46.0,40.0,,48.0,41.0,41.0,41.0,46.0,42.0,41.0,46.0,36.0,48.0,51.0,54.0,57.0,49.0,54.0,51.0,50.0,46.5,0.49892143900911556,-954.0121077169299,0.5538936493222003,0.01127924181440649,0.1767662614179756
13,U11 A,Imnavait Creek  1 km grid,68.5,-149.5,1000/T,www.gwu.edu/~calm/data/webforms/u11a_f.htm,,,56.0,60.0,60.0,48.0,45.0,50.0,56.0,50.0,44.0,46.0,39.0,47.0,48.0,55.0,48.0,47.0,52.0,58.0,63.0,59.0,55.0,55.0,50.0,59.0,52.083333333333336,0.16608695652173908,-280.67188405797094,0.1909705609742664,0.37138404900133226,0.1820079836495128
14,U11 B,Imnavait Creek WET,68.611,-149.3145,100,www.gwu.edu/~calm/data/webforms/u11b_f.htm,,,,,,53.0,54.0,56.0,54.0,53.0,45.0,49.0,39.0,46.0,51.0,44.0,49.0,45.0,54.0,58.0,64.0,56.0,51.0,60.0,55.0,55.0,51.95238095238095,0.2987012987012987,-546.943722943723,0.3144162255416775,0.16510305753927546,0.20689599393651298
15,U11 C,Imnavait Creek MAT,68.611,-149.30933,100,www.gwu.edu/~calm/data/webforms/u11c_f.htm,,,,,,43.0,43.0,47.0,46.0,47.0,37.0,43.0,30.0,40.0,42.0,39.0,38.0,41.0,45.0,47.0,55.0,47.0,50.0,53.0,46.0,54.0,44.42857142857143,0.4701298701298701,-898.1818181818181,0.48714737801837493,0.025104601192178007,0.1933543604148747
16,U12 A,Toolik 1 km grid,68.616667,-149.6,1000/T,www.gwu.edu/~calm/data/webforms/u12a_f.htm,,,,,,45.0,47.0,49.0,54.0,48.0,44.0,46.0,37.0,41.0,40.0,51.0,48.0,51.0,,55.0,61.0,55.0,50.0,51.0,50.0,51.0,48.7,0.39589770560778387,-745.0155150877654,0.44491443312606976,0.049338591859900874,0.18783272965150846
17,U12 B,Toolik MAT,68.624,-149.61817,100,www.gwu.edu/~calm/data/webforms/u12b_f.htm,,,,,,43.0,47.0,45.0,51.0,52.0,41.0,45.0,33.0,37.0,45.0,44.0,41.0,38.0,44.0,47.0,53.0,47.0,48.0,51.0,45.0,50.0,45.095238095238095,0.19220779220779222,-340.2813852813853,0.23259593946223892,0.31028511469804393,0.18438028152015012
18,U13,Toolik LTER,68.616667,-149.6,P/T,www.gwu.edu/~calm/data/webforms/u13_f.htm,36.0,28.0,40.0,46.0,36.0,43.0,33.0,46.0,44.0,45.0,38.0,32.0,33.0,40.0,40.0,37.0,39.0,41.0,35.0,51.0,45.0,43.0,38.0,,,,39.52173913043478,0.2025691699604743,-365.81916996047426,0.252035295401131,0.24598320077670346,0.1697270938917682
19,U14,Galbraith Lake,68.483333,-149.5,100/T/B75,www.gwu.edu/~calm/data/webforms/u14_f.htm,,,,,,,51.0,59.0,60.0,56.0,,46.0,39.0,47.0,,44.0,48.0,54.0,53.0,59.0,59.0,50.0,56.0,57.0,55.0,57.0,52.77777777777778,0.21047988708539161,-369.4214890613972,0.21367030903319345,0.39457966618115037,0.24057978568015698
20,U15,Chandalar Shelf,68.066667,-149.583333,30/T/B61,www.gwu.edu/~calm/data/webforms/u15_f.htm,,,,,,,35.0,,35.0,36.0,32.0,32.0,24.0,30.0,39.0,38.0,35.0,42.0,36.0,38.0,43.0,41.0,44.0,37.0,36.0,38.0,36.36842105263158,0.43869526362823963,-843.6311885612157,0.5268016520102224,0.02048098056845373,0.17167390150949272
21,U26,Ivotuk  1 km grid,68.483333,-155.733333,1000,www.gwu.edu/~calm/data/webforms/u26_f.htm,,,,,,,,,,,55.0,51.0,43.0,,53.0,51.0,54.0,56.0,,55.0,57.0,53.0,50.0,54.0,52.0,,52.61538461538461,0.1988269794721409,-346.4762463343111,0.26198821905902325,0.38721296007246775,0.2208292041401455
22,U31,56 Mile,69.6969,-148.6821,100,www.gwu.edu/~calm/data/webforms/u31_f.htm,,,,,,,61.0,68.0,71.0,62.0,63.0,61.0,63.0,64.0,66.0,56.0,65.0,54.0,65.0,64.0,67.0,75.0,69.0,70.0,64.0,65.0,64.65,0.19172932330827067,-319.8631578947368,0.23502723405970632,0.31854166600093187,0.18689399675101986
23,U32 A,Sagwon Hills MNT,69.441,-148.67033,100,www.gwu.edu/~calm/data/webforms/u32a_f.htm,,,,,,60.0,61.0,58.0,67.0,59.0,55.0,52.0,55.0,52.0,56.0,47.0,60.0,52.0,,61.0,62.0,65.0,61.0,60.0,55.0,57.0,57.75,0.012162251002563934,33.3665110775097,0.015886644286396107,0.9469985838890446,0.18042251248104482
24,U32 B,Sagwon Hills MAT,69.401,-148.8056,100,www.gwu.edu/~calm/data/webforms/u32b_f.htm,,,,,,40.0,40.0,40.0,43.0,41.0,37.0,38.0,33.0,36.0,42.0,28.0,40.0,25.0,41.0,42.0,43.0,47.0,38.0,41.0,42.0,41.0,38.95238095238095,0.10779220779220779,-177.17099567099564,0.13232518693038747,0.567468935285186,0.1852388729035054
25,U20,Drew Point,70.866667,-153.916667,T/B640,www.gwu.edu/~calm/data/webforms/u20_f.html,,,,,,,,,38.0,38.0,36.0,29.0,34.0,30.0,39.0,38.0,39.0,39.0,38.0,38.0,,,,,,,36.333333333333336,0.32167832167832167,-608.1491841491841,0.3314818528835476,0.2925440323754064,0.2895251282854668
26,U21,Inigok,70.0,-153.1,T/B625,www.gwu.edu/~calm/data/webforms/u21_f.html,,,,,,,,,68.0,61.0,43.0,41.0,,,,,,,,,,,,,,,,,,,,
27,U22,Fish Creek,70.333333,-152.05,T/B735,www.gwu.edu/~calm/data/webforms/u22_f.html,,,,,,,,,32.0,31.0,29.0,28.0,31.0,30.0,37.0,30.0,30.0,27.0,28.0,30.0,,,,,,,30.25,-0.17132867132867133,373.506993006993,-0.24103446170792614,0.45044146547956265,0.21814931620922112
28,U23,Awuna,69.166667,-158.016667,T/B884,www.gwu.edu/~calm/data/webforms/u23_f.html,,,,,,,,,36.0,35.0,32.0,34.0,,,,,,,,,,,,,,,,,,,,
29,U24,Uniat,69.4,-152.15,T/B640,www.gwu.edu/~calm/data/webforms/u24_f.html,,,,,,,,,39.0,39.0,32.0,31.0,33.0,32.0,40.0,27.0,39.0,31.0,35.0,34.0,,,,,,,34.333333333333336,-0.23776223776223776,510.6899766899767,-0.20810260283497972,0.5163148919029583,0.35338794881201
30,U25,Tunalik,70.2,-160.066667,T/B393,www.gwu.edu/~calm/data/webforms/u25_f.html,,,,,,,,,47.0,48.0,42.0,41.0,,,,,,,,,,,,,,,,,,,,
31,U29,Niguanak,69.883333,-142.983333,T/B/30?,www.gwu.edu/~calm/data/webforms/u29_f.html,,,,,,,,,,,,26.0,29.0,30.0,46.0,39.4,55.0,56.0,54.0,48.0,,,,,,,,,,,,
32,U30,Koluktak,69.75,-154.616667,T/B/,www.gwu.edu/~calm/data/webforms/u29_f.html,,,,,,,,,,,,,,,,,,,,,,,,,,,,,,,,
33,U31,Marsh Creek,69.783333,-144.8,T/B/,www.gwu.edu/~calm/data/webforms/u29_f.html,,,,,,,,,,,,,,,,,,,,,,,,,,,,,,,,
34,U33,South Meade,70.633333,-156.833333,T/B/,www.gwu.edu/~calm/data/webforms/u29_f.html,,,,,,,,,,,,,,,43.0,39.0,41.0,41.0,39.0,,,,,,,,,,,,,
35,U34,Camden Bay,69.966667,-144.766667,T/B/,www.gwu.edu/~calm/data/webforms/u29_f.html,,,,,,,,,,,,,,,,,,,,,,,,,,,,,,,,
36,U35,Awuna2,69.15,-158.033333,T/B/,www.gwu.edu/~calm/data/webforms/u29_f.html,,,,,,,,,,,,,,,,,,,,,,,,,,,,,,,,
37,U36,Red Sheep Creek,68.683333,-144.833333,T/B/,www.gwu.edu/~calm/data/webforms/u29_f.html,,,,,,,,,,,,,,,,,,,,,,,,,,,,,,,,
38,U37,Piksiksak,70.033333,-157.083333,T/B/,www.gwu.edu/~calm/data/webforms/u29_f.html,,,,,,,,,,,,,,,,,,,,,,,,,,,,,,,,
39,U38,East Teshekpuk,70.566667,-152.966667,T/B/,www.gwu.edu/~calm/data/webforms/u29_f.html,,,,,,,,,,,,,,,24.0,28.0,34.0,32.0,34.0,34.0,,,,,,,,,,,,
40,U39,Ikpikpuk,70.433333,-154.366667,T/B/,www.gwu.edu/~calm/data/webforms/u29_f.html,,,,,,,,,,,,,,,,,,,,,,,,,,,,,,,,
41,,,,,,,,,,,,,,,,,,,,,,,,,,,,,,,,,,,,,,
42,U16,Old Man,66.45,-150.616667,100/T/B63,www.gwu.edu/~calm/data/webforms/u16_f.htm,,,,,,,33.0,37.0,44.0,39.0,35.0,,,39.0,43.0,41.0,42.0,43.0,38.0,38.0,46.0,43.0,42.0,36.0,50.0,39.0,40.44444444444444,0.29485027824397125,-551.0088331419483,0.43092927861278046,0.07420266114468521,0.15435750643692014
43,U17,Wickersham,65.266667,-148.05,TT/P,www.gwu.edu/~calm/data/webforms/u17_f.htm,43.0,41.0,42.0,45.0,44.0,47.0,36.0,40.0,43.0,39.0,49.0,46.0,46.0,52.0,38.0,41.0,52.0,53.0,54.0,53.0,48.0,48.0,49.0,52.0,54.0,56.0,46.57692307692308,0.5097435897435898,-974.1846153846154,0.6934114973078855,8.581703697714894e-05,0.10812205666066933
44,U18,Bonanza Creek LTER,64.75,-148.0,TT/P/T/B44,www.gwu.edu/~calm/data/webforms/u18_f.htm,47.0,49.0,50.0,,55.0,58.0,45.0,50.0,51.0,40.0,59.0,59.0,56.0,56.0,55.0,63.0,59.0,67.0,58.0,55.0,59.0,98.0,121.0,131.0,168.0,178.0,71.48,3.6177811550151957,-7174.501519756836,0.727218548580407,3.816625753046153e-05,0.7120237682493064
45,U19,Pearl Creek,64.9,-147.8,TT/P,www.gwu.edu/~calm/data/webforms/u19_f.htm,70.0,63.0,71.0,66.0,66.0,72.0,53.0,61.0,65.0,55.0,58.0,59.0,61.0,61.0,61.0,70.0,67.0,80.0,79.0,77.0,78.0,77.0,76.0,77.0,90.0,101.0,69.76923076923077,0.9517948717948719,-1836.2000000000003,0.6633819637453815,0.0002207186642045244,0.2191486325866185
46,U41,Farmers Loop,65.466667,-148.116667,100,www.gwu.edu/~calm/data/webforms/u41_f.htm,,,,,,,,,,,,,,,,58.0,54.0,57.0,57.0,53.0,57.0,57.0,57.0,55.0,59.0,56.0,56.36363636363637,0.07272727272727272,-89.81818181818181,0.13801311186847082,0.6857157741855147,0.1739721223564524
47,U40A,Mentasta Fen,62.55,-143.366667,100/T,www.gwu.edu/~calm/data/webforms/u40a_f_files,,,,,,,,,,,,,,,,,,,,51.0,58.0,,,,,,,,,,,
48,U40B,Tanada Muskeg,62.516667,-143.366667,100/T,www.gwu.edu/~calm/data/webforms/u40b_f_files,,,,,,,,,,,,,,,,,,,,60.0,70.0,,,,,,,,,,,
49,U42,Kotlik,63.02131,-163.5607,50/P/T,www.gwu.edu/~calm/data/webforms/u42_f.htm,,,,,,,,,,,,,,,,,,,,51.0,46.0,49.0,,,,,,,,,,
50,U43,Emmonak,62.78478,-164.52623,50/P/T,www.gwu.edu/~calm/data/webforms/u43_f.htm,,,,,,,,,,,,,,,,,,,,62.0,48.0,60.0,,,,,,,,,,
51,U44,Chevak,61.52786,-165.61778,50/P/T,www.gwu.edu/~calm/data/webforms/u44_f.htm,,,,,,,,,,,,,,,,,,,,59.0,47.0,53.0,,,,,,,,,,
52,U45,Marshall,61.87901,-162.05759,50/P/T,www.gwu.edu/~calm/data/webforms/u45_f.htm,,,,,,,,,,,,,,,,,,,,56.0,46.0,50.0,,,,,,,,,,
53,U46,St.Mary s,62.04755,-163.23412,50/P/T,www.gwu.edu/~calm/data/webforms/u46_f.htm,,,,,,,,,,,,,,,,,,,,83.0,66.0,72.0,,,,,,,,,,
54,U47,Circle,65.82819,-144.07843,50/P/T,www.gwu.edu/~calm/data/webforms/u47_f.htm,,,,,,,,,,,,,,,,,,,,66.0,72.0,86.0,,,,,,,,,,
55,U48,Fort Yukon,66.62076,-145.1035,50/P/T,www.gwu.edu/~calm/data/webforms/u48_f.htm,,,,,,,,,,,,,,,,,,,,83.0,93.0,,,,,,,,,,,
56,U49,Hess Creek,65.65724,-149.08443,100/P/T,www.gwu.edu/~calm/data/webforms/u49_f.htm,,,,,,,,,,,,,,,,,,,,38.0,46.0,48.0,,,,,,,,,,
57,U50,Galena,64.7333,-156.78334,50/P/T,www.gwu.edu/~calm/data/webforms/u50_f.htm,,,,,,,,,,,,,,,,,,,,39.0,44.0,51.0,,,,,,,,,,
58,U51,Eagle,64.7777,-141.10954,50/P/T,www.gwu.edu/~calm/data/webforms/u51_f.htm,,,,,,,,,,,,,,,,,,,,32.0,56.0,54.0,,,,,,,,,,
59,U52,Allakaket,66.54491,-152.64539,50/P/T,www.gwu.edu/~calm/data/webforms/u52_f.htm,,,,,,,,,,,,,,,,,,,,,45.0,60.0,,,,,,,,,,
60,U53,Ruby,64.73486,-155.48461,50/P/T,www.gwu.edu/~calm/data/webforms/u53_f.htm,,,,,,,,,,,,,,,,,,,,,52.0,63.0,,,,,,,,,,
61,U54,Nome Creek,65.36988,-147.0609,50/P/T,www.gwu.edu/~calm/data/webforms/u54_f.htm,,,,,,,,,,,,,,,,,,,,,46.0,50.0,,,,,,,,,,
62,U55,Arctic Village,68.13013,-145.540066,50/P/T,www.gwu.edu/~calm/data/webforms/u55_f.htm,,,,,,,,,,,,,,,,,,,,,69.0,70.0,,,,,,,,,,
63,U56,Venetie,67.03829,-146.40263,50/P/T,www.gwu.edu/~calm/data/webforms/u56_f.htm,,,,,,,,,,,,,,,,,,,,,67.0,85.0,,,,,,,,,,
64,U57,Nenana,64.55446,-149.08339,50/P/T,www.gwu.edu/~calm/data/webforms/u57_f.htm,,,,,,,,,,,,,,,,,,,,,61.0,59.0,,,,,,,,,,
65,U58,Dot Lake,63.67475,-144.14597,,www.gwu.edu/~calm/data/webforms/u58_f.htm,,,,,,,,,,,,,,,,,,,,,64.0,49.0,,,,,,,,,,
66,,,,,,,,,,,,,,,,,,,,,,,,,,,,,,,,,,,,,,
67,U27,Council Grid,64.833333,-163.7,1000,www.gwu.edu/~calm/data/webforms/u27_f.htm,,,,,,,,,,73.0,53.0,71.0,53.0,59.0,,76.0,,,75.0,63.0,65.0,71.0,57.0,55.0,60.0,68.0,64.21428571428571,-0.08027357811375085,225.34629229661618,-0.05408107194612845,0.8543119866464669,0.4278590009529346
68,U28,Kougarok,65.45,-164.616667,1000,www.gwu.edu/~calm/data/webforms/u28_f.htm,,,,,,,,,,65.0,47.0,56.0,52.0,54.0,,75.0,,,62.0,61.0,64.0,68.0,56.0,58.0,58.0,57.0,59.5,0.2242620590352772,-390.6580273578114,0.17530057000680518,0.5488838434332872,0.3635835071607296
69,,,,,,,,,,,,,,,,,,,,,,,,,,,,,,,,,,,,,,
70,C1,Alexandria Fiord,78.883333,-75.916667,100,www.gwu.edu/~calm/data\webforms\c1_f.html,,,,,,43.0,49.0,,,57.0,62.0,58.0,,,,,,,,,,,,,,,,,,,,
71,C3 A,North Head (thaw tube),69.719722,-134.461944,TT,www.gwu.edu/~calm/data/webforms/MT_f.html,,61.0,62.0,63.0,64.0,62.0,60.0,,70.0,66.0,59.0,62.0,60.0,59.0,,,,64.0,63.0,,,,,,,,62.5,-0.006729475100942126,75.94885598923284,-0.012174823358443354,0.9670505132372826,0.15954959619389994
72,C3 B,North Head (grid),69.719722,-134.461944,100,www.gwu.edu/~calm/data/webforms/MT_f.html,,,,,,,,,52.0,52.0,43.0,43.0,44.0,45.0,50.0,40.0,52.0,48.0,50.0,44.0,,50.0,,42.0,,,46.785714285714285,-0.14080765143464402,329.0648246546228,-0.15211996006860778,0.60365455565518,0.26409822676051287
73,C4 A,Taglu (Thaw tube),69.369167,-134.948611,TT/T/B30,www.gwu.edu/~calm/data/webforms/MT_f.html,,,111.0,,118.0,,112.0,118.0,,,,117.0,110.0,124.0,119.0,101.0,129.0,132.0,114.0,138.0,,171.0,,,,,122.42857142857143,1.6685456595264938,-3218.8341117732325,0.574314964177035,0.03171809644002236,0.6865739854803159
74,C4 B,Taglu (grid),69.369167,-134.948611,100,www.gwu.edu/~calm/data/webforms/MT_f.html,,,,,,,,,104.0,110.0,109.0,100.0,100.0,96.0,99.0,80.0,96.0,94.0,,86.0,94.0,94.0,91.0,85.0,,,95.86666666666666,-1.273,2648.656,-0.7410185545841648,0.0015733491723329328,0.3199364119513559
75,C5 A,Lousy Point (Thaw tube),69.218889,-134.291111,TT/T/B30,www.gwu.edu/~calm/data/webforms/MT_f.html,,81.0,78.0,80.0,86.0,85.0,75.0,,91.0,84.0,64.0,70.0,64.0,73.0,68.0,68.0,77.0,73.0,,67.0,74.0,72.0,83.0,78.0,83.0,,76.0909090909091,-0.2716842588343277,620.1386374066503,-0.25997871521110855,0.24262260567101612,0.22563963858006328
76,C5 B,Lousy Point  (grid),69.218889,-134.291111,100,www.gwu.edu/~calm/data/webforms/MT_f.html,,,,,,,,,64.0,62.0,52.0,53.0,54.0,53.0,55.0,49.0,61.0,55.0,59.0,55.0,,,63.0,51.0,,,56.142857142857146,-0.10473058436630406,266.1052365292183,-0.10199363704661486,0.7286276985198215,0.29487576145012456
77,C6,Parsons Lake,68.966667,-133.55,T,www.gwu.edu/~calm/data/webforms/c6_f.html,79.0,80.0,85.0,84.0,91.0,89.0,84.0,90.0,80.0,75.0,78.0,,,,,,,,,,,,,,,,83.18181818181819,-0.31818181818181823,717.9545454545455,-0.2002781301192426,0.5548842245235264,0.5188370834779634
78,C7 A,Reindeer Depot  (Thaw tube),68.684722,-134.145833,TT,www.gwu.edu/~calm/data/webforms/MT_f.html,,,127.0,129.0,132.0,136.0,134.0,135.0,140.0,137.0,134.0,136.0,123.0,129.0,122.0,115.0,134.0,128.0,131.0,129.0,137.0,138.0,154.0,150.0,,,133.1818181818182,0.39864483342744217,-665.1044607566348,0.304342463518406,0.16848289911267383,0.27899868359432334
79,C7 B,Reindeer Depot  (grid),68.684722,-134.145833,100,www.gwu.edu/~calm/data/webforms/MT_f.html,,,,,,,,,,,113.0,117.0,108.0,101.0,,104.0,121.0,109.0,,,,,,,,,,,,,,
80,C8 A,Rengleng River  (Thaw tube),67.795,-134.126111,TT,www.gwu.edu/~calm/data/webforms/MT_f.html,,,102.0,106.0,111.0,111.0,108.0,110.0,116.0,111.0,110.0,108.0,108.0,105.0,107.0,103.0,115.0,113.0,110.0,,,,,,95.0,,108.27777777777777,-0.21393780442113147,536.319782690146,-0.25435019485006366,0.3084296891325538,0.203363179660881
81,C8 B,Rengleng River   (grid),67.795,-134.126111,100,www.gwu.edu/~calm/data/webforms/MT_f.html,,,,,,,,,82.0,78.0,80.0,77.0,75.0,72.0,,71.0,83.0,80.0,81.0,78.0,,84.0,85.0,,79.0,,78.92857142857143,0.2831725616291532,-488.9335476956055,0.3431376606763143,0.22971264279507617,0.22376368472995786
82,C9 A,Mountain River  (Thaw tube),65.673611,-128.829167,TT,www.gwu.edu/~calm/data/webforms/MT_f.html,,,58.0,59.0,62.0,62.0,58.0,59.0,62.0,57.0,59.0,53.0,53.0,54.0,48.0,48.0,,,,,,,,,,,56.57142857142857,-0.9142857142857143,1883.7714285714287,-0.810591292109063,0.0004372931804798215,0.19067754924610092
83,C10,Pump Station,65.283333,-126.883333,T/P,www.gwu.edu/~calm/data/webforms/c10_f.html,62.0,66.0,64.0,58.0,60.0,63.0,61.0,77.0,78.0,77.0,80.0,,,,,,,,,,,,,,,,67.81818181818181,1.9545454545454546,-3831.5,0.7750075447288849,0.005082459854199509,0.5312545575886173
84,C11 A,Norman Wells   (Thaw tube),65.193056,-126.468889,TT,www.gwu.edu/~calm/data/webforms/MT_f.html,,,64.0,63.0,61.0,61.0,59.0,59.0,66.0,64.0,64.0,66.0,64.0,60.0,60.0,61.0,,,,,,,,,,,62.285714285714285,-0.026373626373626374,114.99340659340659,-0.04537518743890556,0.877588409507638,0.16761514122346774
85,C11 B,Norman Wells   (grid),65.193056,-126.468889,100,www.gwu.edu/~calm/data/webforms/MT_f.html,,,,,,,,,50.0,49.0,45.0,45.0,47.0,41.0,39.0,46.0,48.0,47.0,,,,,,,,,,,,,,
86,C12,Great Bear River,64.916667,-125.583333,T/P,www.gwu.edu/~calm/data/webforms/c12_f.html,71.0,72.0,72.0,72.0,69.0,69.0,63.0,69.0,87.0,86.0,86.0,,,,,,,,,,,,,,,,74.18181818181819,1.490909090909091,-2900.1818181818185,0.6024690538639291,0.049807460687350306,0.6583782284095592
87,C13,Ochre River,63.466389,-123.692778,TT,www.gwu.edu/~calm/data/webforms/MT_f.html,,,,,60.0,58.0,63.0,,66.0,65.0,65.0,64.0,64.0,64.0,58.0,62.0,66.0,67.0,,,,,47.0,,,,62.07142857142857,-0.33060344827586197,723.797844827586,-0.32220634267184706,0.2612338283395447,0.28040195614600005
88,C14 A,Willowlake River,62.696667,-123.065,TT,www.gwu.edu/~calm/data/webforms/MT_f.html,,,,79.0,83.0,84.0,90.0,87.0,89.0,91.0,82.0,86.0,88.0,86.0,80.0,82.0,89.0,88.0,,,90.0,,91.0,,,,86.17647058823529,0.27267331433998104,-459.52302943969613,0.3930609902320056,0.11857419824082513,0.16470040036871963
89,C14 B,Willowlake River,62.696667,-123.065,100,www.gwu.edu/~calm/data/webforms/MT_f.html,,,,,,,,,,,,74.0,78.0,72.0,73.0,78.0,88.0,87.0,,84.0,,87.0,,83.0,,,,,,,,
90,C15 A,Fort Simpson,61.887778,-121.601667,TT/T,www.gwu.edu/~calm/data/webforms/MT_f.html,,,,95.0,106.0,123.0,,,,,,,,,,,,,,,,,,,,,,,,,,
91,C15 B,Fort Simpson,61.887778,-121.601667,100,www.gwu.edu/~calm/data/webforms/MT_f.html,,,,,,,,,,76.0,85.0,84.0,82.0,76.0,77.0,91.0,93.0,99.0,98.0,88.0,,104.0,,96.0,,,88.38461538461539,1.6878491620111729,-3296.142458100558,0.7756937540587098,0.0018312288850192418,0.4140489735863006
92,C16,Lake Hazen; Ellesmere Island,81.816667,-71.383333,T,www.gwu.edu/~calm/data/webforms/c16_f.html,,,,,47.0,51.0,47.0,46.0,52.0,43.0,,,,,,,,,,,,,,,,,,,,,,
93,C17,Sheldrake River,56.633333,-76.1,T,www.gwu.edu/~calm/data/webforms/c17_f.html,121.0,134.0,107.0,131.0,134.0,,154.0,157.0,,,,,,,,,,,,,,,,,,,,,,,,
94,C18,Tanquary Fiord; Ellesmere Island,81.4,-76.7,100,www.gwu.edu/~calm/data/webforms/c18_f.html,,,,,,,,56.0,51.0,58.0,,,,,,,,,,,,,,,,,,,,,,
95,C19,Eureka; Ellesmere Island,80.016667,-85.75,1000,www.gwu.edu/~calm/data/webforms/c19_f.html,,,,,,,,52.0,53.0,,49.0,,,,,,,,,,,,,,,,,,,,,
96,C20,Baker Lake,64.166667,-95.5,T/B3,www.gwu.edu/~calm/data/webforms/c20_f.html,,,,,,,,120.0,170.0,174.0,189.0,193.0,,,178.0,,,,,,,,,,,,,,,,,
97,C21,Marmot Mountain,52.8,-118.116667,T,www.gwu.edu/~calm/data/webforms/c21_f.html,336.0,352.0,362.0,220.0,354.0,272.0,240.0,192.0,,342.0,96.0,152.0,84.0,,,,,,,,,,,,,,250.16666666666666,-19.686679174484055,39541.49718574109,-0.7726290518031824,0.003219948694967918,5.115379368429371
98,C22,Dawson,63.94054,-138.59157,50/P/T,www.gwu.edu/~calm/data/webforms/c22_f.htm,,,,,,,,,,,,,,,,,,,,26.0,32.0,39.0,,,,,,,,,,
99,C23,Teslin,60.44943,-133.52016,50/P/T,www.gwu.edu/~calm/data/webforms/c23_f.htm,,,,,,,,,,,,,,,,,,,,55.0,46.0,54.0,,,,,,,,,,
100,C24,Beaver Creek,62.3377,-140.83835,50/P/T,www.gwu.edu/~calm/data/webforms/c24_f.htm,,,,,,,,,,,,,,,,,,,,,42.0,48.0,,,,,,,,,,
101,,,,,,,,,,,,,,,,,,,,,,,,,,,,,,,,,,,,,,
102,R2,"Ayach-Yakha, Vorkuta",67.583333,64.183333,100/T,www.gwu.edu/~calm/data\webforms\r2_f.html,,,,,,,70.0,63.0,65.0,64.0,69.0,73.0,76.0,77.0,78.0,81.0,84.0,89.0,87.0,86.0,89.0,88.0,91.0,93.0,91.0,90.0,80.2,1.6060150375939852,-3140.6631578947377,0.9483361611219928,2.063322041587599e-10,0.1266415816902219
103,R23,Talnik,67.333333,63.733333,100,www.gwu.edu/~calm/data/webforms/r23_f.html,,,,,,,,,76.0,91.0,111.0,111.0,110.0,113.0,125.0,131.0,137.0,138.0,,144.0,138.0,144.0,161.0,156.0,,150.0,127.25,4.160356347438753,-8218.164810690423,0.9336028675652884,1.2783810382144836e-07,0.4267392980684114
104,R24,Bolvansky,68.3,54.5,100,www.gwu.edu/~calm/data/webforms/r24_f.html,,,,,,,,,,89.0,106.0,106.0,104.0,113.0,120.0,115.0,114.0,125.0,124.0,112.0,104.0,107.0,,117.0,102.0,110.0,110.5,0.44699328199246274,-786.4758315582501,0.24811462672833032,0.35415667342598955,0.46643127771027376
105,R24 A,Kashin Island,68.233333,53.85,100,www.gwu.edu/~calm/data/webforms/r24a_f.htm,,,,,,,,,,,,,,,,,,,,,58.0,64.0,88.0,87.0,65.0,80.0,,,,,,
106,R44,Umbozero; Kola Peninsula,67.772396,34.182046,100,www.gwu.edu/~calm/data/webforms/r44_f.html,,,,,,,,,,,,,,,,,,,,,,160.0,160.0,165.0,160.0,162.0,,,,,,
107,,,,,,,,,,,,,,,,,,,,,,,,,,,,,,,,,,,,,,
108,R1,Nadym; West Siberia,65.333333,72.916667,100/T/B10,www.gwu.edu/~calm/data/webforms/r1_f.html,,,,,,,,119.0,134.0,129.0,126.0,132.0,143.0,126.0,134.0,141.0,129.0,129.0,136.0,101.0,114.0,129.0,134.0,136.0,164.0,163.0,132.57894736842104,0.9105263157894736,-1693.9368421052632,0.35326727132641295,0.1379032247751419,0.5848154623294699
109,R3,"Marre Sale, Yamal Peninsula",69.716667,66.75,1000/T/B10,www.gwu.edu/~calm/data/webforms/r3_f.html,,,,,,131.0,110.0,92.0,93.0,92.0,106.0,111.0,115.0,109.0,114.0,116.0,116.0,114.0,114.0,85.0,98.0,102.0,127.0,115.0,102.0,122.0,108.76190476190476,0.24025974025974026,-372.95887445887445,0.1245817139088121,0.5905421366682639,0.43898857466339
110,R4,"Parisento, Gydan Peninsula",70.116667,75.583333,1000,www.gwu.edu/~calm/data/webforms/r4_f.html,,,82.0,91.0,,94.0,,,,,,,,,,,,,,,,,,,,,,,,,,
111,R5,"Vaskiny Dachy, Yamal Peninsula",70.283333,68.9,100/T/B10,www.gwu.edu/~calm/data/webforms/r5_f.html,,,,84.0,85.0,95.0,89.0,81.0,93.0,87.0,92.0,92.0,92.0,,94.0,97.0,94.0,92.0,,76.0,87.0,87.0,102.0,103.0,93.0,102.0,91.28571428571429,0.4141051422005169,-738.5218328066644,0.4286351471900088,0.052532582910241286,0.2002458247309274
112,R5 A,"Vaskiny Dachi, Yamal Peninsula",70.2755,68.891639,50,www.gwu.edu/~calm/data/webforms/r5abc_f.htm,,,,,,,,,,,,,,,,,,72.0,75.0,47.0,67.0,67.0,77.0,80.0,71.0,76.0,,,,,,
113,R5 B,"Vaskiny Dachi, Yamal Peninsula",70.2955,68.883472,50,www.gwu.edu/~calm/data/webforms/r5abc_f.htm,,,,,,,,,,,,,,,,,,72.0,73.0,81.0,65.0,65.0,77.0,78.0,70.0,77.0,,,,,,
114,R5 C,"Vaskiny Dachi, Yamal Peninsula",70.301389,68.841306,50,www.gwu.edu/~calm/data/webforms/r5abc_f.htm,,,,,,,,,,,,,,,,,,112.0,113.0,82.0,106.0,114.0,128.0,126.0,111.0,129.0,,,,,,
115,R50a,Urengoy Gas Field GP5,66.31537,76.90772,100/T/B10,www.gwu.edu/~calm/data/webforms/r50_f.html,,,,,,,,,,,,,,,,,,,84.0,65.0,77.0,72.0,87.0,70.0,76.0,85.0,,,,,,
116,R50b,Urengoy Gas Field GP15,67.47791,76.69529,100/T/B10,www.gwu.edu/~calm/data/webforms/r50_f.html,,,,,,,,,,,,,,,,,,,84.0,65.0,80.0,82.0,95.0,92.0,84.0,93.0,,,,,,
117,,,,,,,,,,,,,,,,,,,,,,,,,,,,,,,,,,,,,,
118,R6,"Labaz Lake, Taimyr",72.383333,99.5,100/T,www.gwu.edu/~calm/data\webforms\r6_f.html,,,,,42.0,50.0,,,,,,,,,,,,,,,,,,,,,,,,,,
119,R7,"Levinson Lessing Lake, Taimyr",74.533333,98.6,100/T,www.gwu.edu/~calm/data/webforms/r7_f.html,,,,,36.0,42.0,34.0,,,,,,,,,,,,,,,,,,,,,,,,,
120,R8,"Tiksi (Game), Lena Delta",71.583333,128.783333,1000/T,www.gwu.edu/~calm/data/webforms/r8_f.html,,,,,,,,40.0,40.0,42.0,47.0,,,,,,,,,,,,,,,,,,,,,
121,R28,Svjatoy Nos cape (East Siberian sea),72.857,141.010167,100,www.gwu.edu/~calm/data/webforms/r28_f.html,,,,,,,,,,,,38.0,,,,,,,,,,,,,,,,,,,,
122,R29 A,Bykovsky (Lena delta) (edoma),71.7855,129.419167,100,www.gwu.edu/~calm/data/webforms/r29_f.html,,,,,,,,,,,,27.0,,35.0,25.0,33.0,35.0,44.0,,28.0,38.0,39.0,33.0,26.0,35.0,,33.166666666666664,0.2522445489525438,-473.3193672509619,0.1836619321533534,0.5677402793376609,0.42692492008878735
123,R29 B,Bykovsky (Lena delta) (alas),72.7855,130.419167,100,www.gwu.edu/~calm/data/webforms/r29_f.html,,,,,,,,,,,,,,,26.0,33.0,32.0,44.0,,25.0,28.0,35.0,30.0,24.0,33.0,30.0,30.90909090909091,-0.23738680465717982,507.9702457956016,-0.15858875065056033,0.6414035731558966,0.4926423609570288
124,R32,Talnah (Norilsk Region),69.433333,88.466667,100,www.gwu.edu/~calm/data/webforms/r32_f.html,,,,,,,,,,,,,,,,81.0,91.0,90.0,,94.0,94.0,96.0,104.0,86.0,95.0,102.0,,,,,,
125,R40,Igarka,67.482222,86.435556,100,www.gwu.edu/~calm/data/webforms/r40_f.htm,,,,,,,,,,,,,,,,,,,74.0,71.0,67.0,70.0,69.0,72.0,79.0,89.0,,,,,,
126,R42,Tuymada (Yakutsk region),62.013306,129.656991,50/TT,www.gwu.edu/~calm/data/webforms/r42_f.htm,,,,,,,,,,,,,,,,,,,203.0,199.0,197.0,201.0,201.0,201.0,203.0,201.0,,,,,,
127,R43,Neleger (Yakutsk region),62.316255,129.499661,50/TT,www.gwu.edu/~calm/data/webforms/r43_f.htm,,,,,,,,,,,,,,,,,,,124.0,122.0,123.0,123.0,124.0,129.0,126.0,125.0,,,,,,
128,R46,Chara Belenky,56.76038,118.18903,100,www.gwu.edu/~calm/data/webforms/r46_f.htm,,,,,,,,,,,,,,,,,,,,,,,,59.0,49.0,,,,,,,
129,R47,Chara Most,56.906264,118.280672,100,www.gwu.edu/~calm/data/webforms/r47_f.htm,,,,,,,,,,,,,,,,,,,,,,,,55.0,42.0,,,,,,,
130,,,,,,,,,,,,,,,,,,,,,,,,,,,,,,,,,,,,,,
131,R12 A,Kuropatochya River; Kolyma,70.916667,156.633333,100/T/B15,www.gwu.edu/~calm/data\webforms\r12_f.html,,,,,,,37.0,36.0,,,,,,,,,,,,,,,,,,,,,,,,
132,R12 B,Kuropatochya River; Kolyma,70.916667,156.633333,100,www.gwu.edu/~calm/data/webforms/r12_f.html,,,,,,,27.0,36.0,,,,,,,,,,,,,,,,,,,,,,,,
133,R13 A,"Cape Chukochii; edoma,Kolyma",70.083333,159.583333,100/T/B30,www.gwu.edu/~calm/data/webforms/r13_f.html,,,,,,,,37.0,,36.0,33.0,38.0,44.0,49.0,,50.0,42.0,55.0,50.0,36.0,52.0,45.0,43.0,47.0,,36.0,43.3125,0.3983438035408338,-755.8149628783552,0.31787365350782215,0.23022259427034447,0.31754758515121845
134,R13 B,"Cape Chukochi, alas, Kolyma",70.083333,159.916667,100,www.gwu.edu/~calm/data/webforms/r13_f.html,,,,,,,,,,,31.0,39.0,38.0,48.0,,46.0,32.0,56.0,37.0,25.0,46.0,46.0,41.0,47.0,,27.0,39.92857142857143,-0.01654964894684055,73.14844533600808,-0.008699375054670265,0.976453489941937,0.5491533962295687
135,R14,"Chukochya River, Kolyma",69.483333,156.983333,100/T/B25,www.gwu.edu/~calm/data/webforms/r14_f.html,,,,,,,42.0,,41.0,38.0,41.0,,,,,47.0,44.0,,39.0,46.0,49.0,47.0,46.0,42.0,,48.0,43.84615384615385,0.35543157203807,-669.2589432228418,0.6207396477005938,0.023578524489957422,0.13535538067900788
136,R15 A,"Konkovaya River, Kolyma",69.383333,158.466667,100/T/B50,www.gwu.edu/~calm/data/webforms/r15_f.html,,,,,,,39.0,44.0,25.0,32.0,,36.0,,,,,30.0,60.0,,28.0,48.0,32.0,30.0,30.0,,31.0,35.76923076923077,-0.15319332566168006,343.02790563866506,-0.10481694539721771,0.7332664313303792,0.43824108706798304
137,R15 B,"Konkovaya River, Kolyma",69.383333,158.466667,100/T/B50,www.gwu.edu/~calm/data/webforms/r15_f.html,,,,,,,,,,36.0,,32.0,,,,,44.0,54.0,,39.0,45.0,54.0,46.0,43.0,,44.0,,,,,,
138,R16,"Segodnya Pingo, Kolyma",69.083333,158.9,100,www.gwu.edu/~calm/data/webforms/r16_f.html,,,,,,,38.0,,,30.0,,,,,,54.0,42.0,75.0,49.0,43.0,56.0,72.0,54.0,50.0,57.0,60.0,52.30769230769231,1.3187170117742586,-2595.7775071051556,0.5866362776949557,0.03507807278302018,0.5488974579658348
139,R17,Akhmelo channel; Kolyma,68.816667,161.0,100/T,www.gwu.edu/~calm/data/webforms/r17_f.html,,,,,,,44.0,56.0,43.0,,45.0,47.0,,51.0,55.0,54.0,53.0,60.0,,47.0,56.0,61.0,53.0,55.0,64.0,55.0,52.88235294117647,0.6371378230227093,-1225.1786413469063,0.6453387870224686,0.005147124726982368,0.19473073575805191
140,R18,Mt. Rodinka; Kolyma,68.75,161.5,100/T,www.gwu.edu/~calm/data/webforms/r18_f.html,,,,,,,45.0,67.0,72.0,74.0,75.0,75.0,76.0,81.0,85.0,82.0,83.0,86.0,80.0,78.0,84.0,84.0,77.0,74.0,79.0,83.0,77.0,0.893233082706767,-1714.3789473684212,0.5858290148357522,0.006643952042004532,0.2912565392716869
141,R18 A,Mt. Rodinka; Kolyma ( 10 m grid),68.75,161.5,10/T,www.gwu.edu/~calm/data/webforms/r18_f.html,,,,,,,,,,,,,,91.0,97.0,100.0,96.0,104.0,98.0,96.0,104.0,104.0,97.0,94.0,101.0,102.0,98.76923076923077,0.3901098901098901,-684.9615384615386,0.36819704230497874,0.21576964283944605,0.29701301036590705
142,R19,"Lake Glukhoe, Kolyma",68.8,160.95,100,www.gwu.edu/~calm/data/webforms/r19_f.html,,,,,,,72.0,56.0,65.0,67.0,72.0,,,84.0,92.0,95.0,93.0,,,92.0,103.0,94.0,83.0,89.0,95.0,101.0,84.5625,1.7821027287319422,-3489.890048154093,0.819808592113425,0.00010122222754526014,0.33268724186117804
143,R20,"Malchilovskaya Channel, Kolyma",68.516667,161.433333,100,www.gwu.edu/~calm/data/webforms/r20_f.html,,,,,,,54.0,,48.0,52.0,46.0,50.0,,48.0,56.0,53.0,54.0,57.0,,49.0,53.0,59.0,54.0,61.0,65.0,59.0,54.0,0.5905707196029775,-1130.7196029776671,0.690651451436711,0.0021446282981487257,0.15966820197867532
144,R21,"Lake Akhmelo, Kolyma",68.833333,161.033333,100/T/B15,www.gwu.edu/~calm/data/webforms/r21_f.html,,,,,,,85.0,,70.0,83.0,84.0,84.0,,96.0,103.0,113.0,101.0,117.0,,96.0,110.0,105.0,92.0,96.0,108.0,96.0,96.41176470588235,1.2366625310173693,-2384.406017369726,0.5908818030186114,0.012499903557886686,0.4359616754739887
145,R22,Alazeya River,69.316667,154.983333,100/B23,www.gwu.edu/~calm/data/webforms/r22_f.html,,,,,,,,,46.0,46.0,,,,,51.0,53.0,,57.0,,51.0,57.0,50.0,52.0,49.0,45.0,56.0,51.083333333333336,0.2447754023540716,-440.4460725438386,0.3282430057774481,0.29757177815501185,0.22274971628219906
146,R25,Jakutskoe Lake,69.85,159.5,100,www.gwu.edu/~calm/data/webforms/r25_f.html,,,,,,,,,,23.0,37.0,38.0,,,,55.0,45.0,65.0,,42.0,65.0,60.0,41.0,41.0,,39.0,45.916666666666664,0.8880434782608697,-1736.6826086956523,0.3676820770644204,0.23965768009724817,0.7102677448513213
147,R26,"Panteleikha, Kolyma",68.416667,161.216667,100,www.gwu.edu/~calm/data/webforms/r26_f.html,,,,,,,45.0,,,,,,,,,,,,,,,,,,,,,,,,,
148,R31,Allaiha (Indigirka basin),70.55,147.433333,100,www.gwu.edu/~calm/data/webforms/r31_f.html,,,,,,,,,,,,,,,39.0,42.0,44.0,48.0,,49.0,52.0,52.0,50.0,47.0,47.0,46.0,46.90909090909091,0.6093143596377749,-1177.5912031047865,0.565948815546528,0.06954849494377029,0.29587090308253294
149,R35,Omolon,68.733333,158.9,100,www.gwu.edu/~calm/data/webforms/r35_f.htm,,,,,,,,,,,,,,,,,,41.0,34.0,32.0,52.0,45.0,44.0,40.0,40.0,46.0,,,,,,
150,R36,Andryushkino,69.166667,154.433333,100,www.gwu.edu/~calm/data/webforms/r36_f.html,,,,,,,,,,,,,,,,38.0,37.0,43.0,,41.0,31.0,35.0,34.0,44.0,38.0,38.0,,,,,,
151,R37 A,Khomus-1,69.983333,153.583333,100,www.gwu.edu/~calm/data/webforms/r37_f.html,,,,,,,,,,,,,,,,51.0,,,,,,,,,,,,,,,,
152,R37 B,Khomus-2,69.983333,153.583333,100,www.gwu.edu/~calm/data/webforms/r37_f.html,,,,,,,,,,,,,,,,54.0,,,,,,,,,,,,,,,,
153,R38 A,Mt. Rodinka (Control),68.7,161.55,10/T,www.gwu.edu/~calm/data/webforms/r38_f.html,,,,,,,,,,,,,,115.0,129.0,148.0,137.0,151.0,133.0,122.0,145.0,149.0,130.0,124.0,132.0,134.0,134.53846153846155,0.1098901098901099,-86.23076923076925,0.03844192443583748,0.900774705131723,0.8612634375193667
154,R38 B,Mt. Rodinka (Burn),68.716667,161.533333,10/T,www.gwu.edu/~calm/data/webforms/r38_f.html,,,,,,,,,,,,,,148.0,155.0,167.0,156.0,,,,154.0,157.0,139.0,147.0,150.0,152.0,,,,,,
155,R38 C,Mt. Rodinka (Station),68.733333,161.4,10/T,www.gwu.edu/~calm/data/webforms/r38_f.html,,,,,,,,,,,,,,72.0,77.0,80.0,81.0,84.0,79.0,78.0,82.0,79.0,72.0,66.0,75.0,75.0,76.92307692307692,-0.4505494505494506,982.0769230769232,-0.3588355139642131,0.22856763101127653,0.3533612129849127
156,,,,,,,,,,,,,,,,,,,,,,,,,,,,,,,,,,,,,,
157,R9,Cape Rogozhny; Chukotka,64.783333,176.966667,100/T,www.gwu.edu/~calm/data\webforms\r9_f.html,,,,,43.0,42.0,49.0,50.0,38.0,39.0,42.0,44.0,46.0,50.0,57.0,57.0,53.0,59.0,,52.0,52.0,51.0,53.0,52.0,59.0,55.0,49.666666666666664,0.6799083269671502,-1313.0962566844912,0.7063009378727111,0.0003455961717111349,0.1563373950351455
158,R10,Upper Kargoplgyno River; Chukotka,64.083333,177.066667,100,www.gwu.edu/~calm/data/webforms/r10_f.html,,,59.0,51.0,56.0,,,,,,,,,,,,,,,,,,,,,,,,,,,
159,R11,"Mt. Dionisy, Chukotka",64.566667,177.2,100/T,www.gwu.edu/~calm/data/webforms/r11_f.html,,,,,,,50.0,47.0,45.0,53.0,46.0,47.0,52.0,55.0,64.0,62.0,,67.0,,60.0,53.0,57.0,54.0,57.0,60.0,58.0,54.833333333333336,0.606382978723404,-1161.166666666666,0.5910851655553112,0.00978559462173307,0.2068712301857095
160,R27,Lavrentia,65.6,-171.05,100,www.gwu.edu/~calm/data/webforms/r27_f.html,,,,,,,,,,,59.0,60.0,62.0,64.0,65.0,67.0,59.0,74.0,,64.0,74.0,65.0,67.0,69.0,70.0,72.0,66.06666666666666,0.6932888540031396,-1325.6875981161693,0.682136027121547,0.005086942400814414,0.206121248462767
161,R41,Lorino,65.539667,-171.630229,100,www.gwu.edu/~calm/data/webforms/r41_f.html,,,,,,,,,,,,,,,,,,,,,47.0,47.0,47.0,51.0,56.0,55.0,,,,,,
162,R45,Kruglaya (Anadyr),64.633333,176.966667,100,www.gwu.edu/~calm/data/webforms/r45_f.htm,,,,,,,,,,,,,,,,,,,,,42.0,44.0,44.0,47.0,49.0,44.0,,,,,,
163,,,,,,,,,,,,,,,,,,,,,,,,,,,,,,,,,,,,,,
164,R30 A,Ploskii Tolbachik (Kamchatka),55.45,160.17,100,www.gwu.edu/~calm/data\webforms\r30_f.html,,,,,,,,,,,,,,78.0,67.0,71.0,73.0,72.0,73.0,80.0,76.0,72.0,76.0,,,,,,,,,
165,R30 B,Ploskii Tolbachik (Kamchatka) 1,55.45,160.17,100,www.gwu.edu/~calm/data/webforms/r30_f.html,,,,,,,,,,,,,,,49.0,56.0,54.0,53.0,56.0,63.0,58.0,59.0,57.0,,,,,,,,,
166,R30 C,Ploskii Tolbachik (Kamchatka) 2,55.45,160.19,100,www.gwu.edu/~calm/data/webforms/r30_f.html,,,,,,,,,,,,,,,,,44.0,45.0,49.0,49.0,50.0,50.0,48.0,46.0,,47.0,,,,,,
167,,,,,,,,,,,,,,,,,,,,,,,,,,,,,,,,,,,,,,
168,G1,Zackenberg; ZEROCALM 1,74.466667,-20.5,100/T,www.gwu.edu/~calm/data\webforms\g1_f.html,,,,,,,60.0,62.0,66.0,50.0,64.0,63.0,71.0,73.0,76.0,79.0,76.0,75.0,79.0,79.0,78.0,82.0,82.0,75.0,74.0,,71.78947368421052,1.2210526315789472,-2376.4210526315787,0.7942597623505024,4.887072937005428e-05,0.2265424741322342
169,G2,Zackenberg; ZEROCALM 2,74.466667,-20.5,150/T,www.gwu.edu/~calm/data/webforms/g2_f.html,,,,,,,61.0,57.0,60.0,44.0,60.0,60.0,60.0,63.0,65.0,69.0,68.0,67.0,68.0,73.0,70.0,75.0,72.0,70.0,67.0,,64.6842105263158,0.9912280701754387,-1922.7280701754387,0.7768056974580853,9.157142461566947e-05,0.19489390183646446
170,G3,Disko Island,69.25,-53.5,100/T,www.gwu.edu/~calm/data/webforms/g3_f.html,,,,,,,,57.0,71.0,74.0,68.0,,,,,,,,,,,,,,,,,,,,,
171,,,,,,,,,,,,,,,,,,,,,,,,,,,,,,,,,,,,,,
172,N1,"Janssonhaugen, Svalbard",78.166667,16.466667,T/B102,www.gwu.edu/~calm/data\webforms\n1_f.html,,,,,,,,,154.0,142.0,157.0,159.0,171.0,171.0,173.0,165.0,180.0,175.0,166.0,174.0,182.0,183.0,176.0,180.0,,,169.25,1.973529411764706,-3788.663235294118,0.8213398826921302,9.576587128990798e-05,0.36632451193914706
173,N2,"Junvvasshoe, Norway",61.666667,8.366667,T/B129,www.gwu.edu/~calm/data/webforms/n2_f.html,,,,,,,,,,210.0,195.0,200.0,240.0,245.0,217.0,221.0,240.0,215.0,217.0,226.0,213.0,229.0,,,,,220.6153846153846,1.1098901098901097,-2004.7142857142856,0.2852652107550963,0.3447926196565022,1.124355542101566
174,N3,UNISCALM,78.2,15.75,100/T,www.gwu.edu/~calm/data/webforms/n3_f.html,,,,,,,,,,,96.0,99.0,96.0,93.0,91.0,74.0,100.0,105.0,110.0,100.0,101.0,101.0,101.0,102.0,103.0,105.0,98.5625,0.7867647058823529,-1480.8676470588234,0.46533439935184756,0.06931644850576639,0.39996794545315106
175,,,,,,,,,,,,,,,,,,,,,,,,,,,,,,,,,,,,,,
176,P1,"Calypsos Tranda, Svalbard",77.566667,14.5,P,www.gwu.edu/~calm/data\webforms\p1_f.html,135.0,141.0,140.0,147.0,,144.0,134.0,,137.0,,134.0,131.0,135.0,,,178.0,195.0,197.0,185.0,188.0,,,,,,,154.73333333333332,3.0166741271262296,-5877.2071396598,0.7731722251499419,0.0007234175199103122,0.6862842849104535
177,P2 A,"Kaffioyra Plain, Spitsbergen",78.683333,11.833333,P,www.gwu.edu/~calm/data/webforms/p2_f.html,,,,,,,,,,120.0,117.0,122.0,128.0,106.0,112.0,118.0,,,,,,,,,,,,,,,,
178,P2 B,"Kaffioyra Plain, Spitsbergen",78.683333,11.833333,P,www.gwu.edu/~calm/data/webforms/p2_f.html,,,,,,,,,,165.0,156.0,158.0,168.0,140.0,108.0,132.0,,,,,,,,,,,,,,,,
179,P2 C,"Kaffioyra Plain, Spitsbergen",78.683333,11.833333,P,www.gwu.edu/~calm/data/webforms/p2_f.html,,,,,,,,,,200.0,210.0,219.0,170.0,230.0,191.0,220.0,,,,,,,,,,,,,,,,
180,,,,,,,,,,,,,,,,,,,,,,,,,,,,,,,,,,,,,,
181,S1,"Kapp Linne, Svalbard",78.05,13.616667,100/T/B7,www.gwu.edu/~calm/data/webforms/s1_f.html,74.0,89.0,91.0,113.0,99.0,97.0,101.0,97.0,109.0,99.0,104.0,95.0,96.0,,93.0,,,,89.0,89.0,89.0,91.0,,,,,95.27777777777777,-0.17642795013047258,448.03566251087267,-0.13559243210076596,0.5916414669385968,0.3222867650430134
182,S2,"Abisko area, Sweden",68.333333,18.833333,100/T,www.gwu.edu/~calm/data/webforms/s2_f.html,61.0,57.0,56.0,56.0,54.0,52.0,58.0,65.0,70.0,63.0,72.0,74.0,81.0,76.0,76.0,68.0,73.0,90.0,88.0,72.0,72.0,90.0,,,,,69.27272727272727,1.4669678147939018,-2865.396386222473,0.8269818374059672,2.0798675841119243e-06,0.22300909692033652
183,,,,,,,,,,,,,,,,,,,,,,,,,,,,,,,,,,,,,,
184,CH1,Murtel-Corvatsch,46.433333,9.833333,T/B31,www.gwu.edu/~calm/data/webforms/ch1_f.html,327.0,337.0,340.0,345.0,348.0,344.0,338.0,343.0,347.0,343.0,345.0,348.0,344.0,351.0,351.0,350.0,350.0,351.0,351.0,,,,,,,,344.89473684210526,0.8719298245614034,-1398.0929824561404,0.7937636349008509,4.979094010369697e-05,0.16204330947698248
185,CH2,Schilthorn,46.55,7.833333,T/B14,www.gwu.edu/~calm/data/webforms/ch2_f.html,,,,,,,,,430.0,443.0,488.0,,460.0,496.0,481.0,480.0,484.0,466.0,497.0,,,,,,,,,,,,,
186,,,,,,,,,,,,,,,,,,,,,,,,,,,,,,,,,,,,,,
187,M 1,Baganuur Depression,47.68889,108.2625,T/B15,www.gwu.edu/~calm/data\webforms\mg_f.html,,,,,,,345.0,350.0,355.0,345.0,350.0,340.0,355.0,,375.0,365.0,380.0,380.0,370.0,350.0,,,,,,,358.46153846153845,2.0649966147596484,-3776.6147596479364,0.6463696130063962,0.016981773649070827,0.7349884750183104
188,M1 A,Baganuur depression,47.69444,108.29444,T/B15,www.gwu.edu/~calm/data/webforms/mg_f.html,,,,,,,390.0,390.0,,430.0,485.0,400.0,450.0,600.0,770.0,710.0,820.0,820.0,,,,,,,,,569.5454545454545,45.042075736325394,-89596.50070126228,0.9059832332158846,0.00012227179828329447,7.01518575571203
189,M2 A,Nalaikh – northern slope,47.75444,107.25,T/T/B50,www.gwu.edu/~calm/data/webforms/mg_f.html,,,,,,,335.0,340.0,350.0,340.0,345.0,335.0,345.0,335.0,335.0,340.0,335.0,340.0,340.0,345.0,,,,,,,340.0,-0.06593406593406594,472.032967032967,-0.05741692517632146,0.8454212264732927,0.3309498977225406
190,M2 B,Nalaikh – pingo top,47.77639,107.3,T/B7,www.gwu.edu/~calm/data/webforms/mg_f.html,,,,,,,,,135.0,130.0,135.0,135.0,140.0,,135.0,140.0,,135.0,130.0,,,,,,,,,,,,,
191,M2 C,Nalaikh south-western slope,47.77278,107.29167,T/B15,www.gwu.edu/~calm/data/webforms/mg_f.html,,,,,,,,,,,330.0,335.0,350.0,355.0,350.0,365.0,400.0,430.0,435.0,435.0,,,,,,,,,,,,
192,M2 D,Nalaikh thermokarst,47.77639,107.33833,T/B3,www.gwu.edu/~calm/data/webforms/mg_f.html,,,,,,,,,,,,,,120.0,,125.0,115.0,130.0,130.0,135.0,,,,,,,,,,,,
193,M2 E,Nalaikh – south western slope,47.77083,107.2875,T/B10,www.gwu.edu/~calm/data/webforms/mg_f.html,,,,,,,,,,370.0,400.0,,,,430.0,420.0,460.0,470.0,520.0,480.0,,,,,,,,,,,,
194,M2 F,Nalaikh depression plain,47.75278,107.33667,T/B10,www.gwu.edu/~calm/data/webforms/mg_f.html,,,,,,,,,,,,,,,530.0,510.0,530.0,585.0,590.0,,,,,,,,,,,,,
195,M3,Argalant – valley bottom,47.92361,106.54722,T/B9,www.gwu.edu/~calm/data/webforms/mg_f.html,,,,,,,,610.0,620.0,600.0,610.0,660.0,720.0,760.0,770.0,750.0,760.0,770.0,800.0,,,,,,,,702.5,19.685314685314683,-38717.342657342655,0.9303269177990212,1.1493834329226785e-05,2.453887904273678
196,M4 A,Burenkhan – northern slope,49.78833,100.03417,TT/B5,www.gwu.edu/~calm/data/webforms/mg_f.html,,,,,,,370.0,340.0,,,380.0,390.0,420.0,440.0,430.0,410.0,390.0,430.0,430.0,390.0,,,,,,,401.6666666666667,4.516695957820739,-8646.02811950791,0.6230765348501843,0.03043427768101883,1.7929804245675338
197,M4 B,Burenkhan – valley bottom,49.70417,100.1675,TT/B6,www.gwu.edu/~calm/data/webforms/mg_f.html,,,,,,,,,,,325.0,340.0,345.0,348.0,352.0,342.0,350.0,,,,,,,,,,,,,,,
198,M4 C,Burenkhan north eastern slope,49.78472,100.03167,T/B40,www.gwu.edu/~calm/data/webforms/mg_f.html,,,,,,,,,,,,,,,,,950.0,1200.0,1350.0,1250.0,,,,,,,,,,,,
199,M4 D,Burenkhan north-facing steep slope,49.78278,100.04667,T/B20,www.gwu.edu/~calm/data/webforms/mg_f.html,,,,,,,,,,,,,,,,,,410.0,400.0,,,,,,,,,,,,,
200,M5,Ardag Mountain,50.62639,100.16583,T/B15,www.gwu.edu/~calm/data/webforms/mg_f.html,,,,,,,,,,300.0,335.0,430.0,360.0,,,,,,,,,,,,,,,,,,,
201,M5 A,Ardag watershed,50.65917,100.16333,T/B75,www.gwu.edu/~calm/data/webforms/mg_f.html,,,,,,,,,,310.0,,,,,400.0,,,400.0,410.0,,,,,,,,,,,,,
202,M5 B,Ardag watershed 2,50.65639,100.1625,T/B75,www.gwu.edu/~calm/data/webforms/mg_f.html,,,,,,,,,,300.0,280.0,,295.0,,270.0,,,315.0,325.0,,,,,,,,,,,,,
203,M5 C,Ardag watershed 3,50.67667,100.16639,T/B150,www.gwu.edu/~calm/data/webforms/mg_f.html,,,,,,,,,,,,,,,,,480.0,250.0,440.0,,,,,,,,,,,,,
204,M5D,Ardag watershed 5,50.67667,100.16639,T/B200,www.gwu.edu/~calm/data,,,,,,,,,,,,,,,,,185.0,,305.0,,,,,,,,,,,,,
205,M6 A,Terkh – valley bottom,48.08194,99.37333,T/B15,www.gwu.edu/~calm/data/webforms/mg_f.html,,,,,,,,,,205.0,210.0,207.0,210.0,205.0,215.0,230.0,235.0,235.0,230.0,220.0,,,,,,,218.36363636363637,2.8545454545454545,-5502.145454545454,0.7823153970803596,0.004430901918191512,0.7575999996121336
206,M7 A,Chuluut – pingo top,48.04111,100.39167,T/B15,www.gwu.edu/~calm/data/webforms/mg_f.html,,,,,,,,,,136.0,140.0,137.0,142.0,,,140.0,160.0,175.0,180.0,180.0,,,,,,,,,,,,
207,M7 B,Chuluut – valley bottom,48.63611,100.37556,T/B15,www.gwu.edu/~calm/data/webforms/mg_f.html,,,,,,,,,,,,,285.0,260.0,290.0,275.0,270.0,285.0,290.0,280.0,,,,,,,,,,,,
208,M8,Sharga – valley bottom,49.49027,98.65639,T/B10,www.gwu.edu/~calm/data/webforms/mg_f.html,,,,,,,,,,,,,285.0,280.0,275.0,275.0,285.0,280.0,290.0,280.0,,,,,,,,,,,,
209,M9,Gurban turuu,47.03889,107.68611,TT/B3,www.gwu.edu/~calm/data/webforms/mg_f.html,,,,,,,,,,,,295.0,301.0,305.0,295.0,,,,,,,,,,,,,,,,,
210,M10,Tsengel Mountain,48.66944,89.11139,T/B1.3,www.gwu.edu/~calm/data/webforms/mg_f.html,,,,,,,,,,,,,109.0,105.0,,,,,,,,,,,,,,,,,,
211,M10 A,Tsengel N slope,48.7525,89.13556,T/B3,www.gwu.edu/~calm/data/webforms/mg_f.html,,,,,,,,,,,,,,275.0,280.0,285.0,,,,,,,,,,,,,,,,
212,M10 B,Tsengel valley bottom,48.77833,89.14056,T/B6,www.gwu.edu/~calm/data/webforms/mg_f.html,,,,,,,,,,,,,,,,550.0,,,,,,,,,,,,,,,,
213,M11,Hatgal – lake terrace,50.43861,100.15028,T/B6,www.gwu.edu/~calm/data/webforms/mg_f.html,,,,,,,,,,,,,485.0,475.0,470.0,475.0,480.0,485.0,470.0,475.0,,,,,,,,,,,,
214,M11 A,Hatgal house falt terrace,50.43861,100.15222,T/B6,www.gwu.edu/~calm/data/webforms/mg_f.html,,,,,,,,,,,,,450.0,,490.0,470.0,435.0,440.0,435.0,485.0,,,,,,,,,,,,
215,M11 B,Hatgal house,50.43333,100.16056,T/B10,www.gwu.edu/~calm/data/webforms/mg_f.html,,,,,,,,,,,,370.0,375.0,382.0,390.0,382.0,400.0,406.0,400.0,410.0,,,,,,,,,,,,
216,M12,Dalbay,51.02,100.75833,T/B10,www.gwu.edu/~calm/data/webforms/mg_f.html,,,,,,,,,,,,,,134.0,133.0,138.0,140.0,145.0,139.0,135.0,,,,,,,,,,,,
217,M12 A,Borsog Flood plain,50.97028,100.72722,T/B6,www.gwu.edu/~calm/data/webforms/mg_f.html,,,,,,,,,,,,,,185.0,,,182.0,186.0,192.0,186.0,,,,,,,,,,,,
218,M12 B,Borsog W slope,50.97444,100.72861,T/B6,www.gwu.edu/~calm/data/webforms/mg_f.html,,,,,,,,,,,,,,,240.0,255.0,220.0,275.0,250.0,295.0,,,,,,,,,,,,
219,M12 C,Shagnuul,50.25444,100.84472,T/B10,www.gwu.edu/~calm/data/webforms/mg_f.html,,,,,,,,,,,,,,425.0,425.0,385.0,360.0,,360.0,355.0,,,,,,,,,,,,
220,M12 D,Turag,51.28583,100.82722,T/B10,www.gwu.edu/~calm/data/webforms/mg_f.html,,,,,,,,,,,,,,475.0,470.0,475.0,470.0,475.0,488.0,472.0,,,,,,,,,,,,
221,M12 E,Noyon,51.20972,100.77028,T/B10,www.gwu.edu/~calm/data/webforms/mg_f.html,,,,,,,,,,,,,,,,380.0,355.0,376.0,381.0,372.0,,,,,,,,,,,,
222,M12 F,Dalbay,50.04444,100.73278,TT,www.gwu.edu/~calm/data/webforms/mg_f.html,,,,,,,,,,,,,230.0,,225.0,,,,,210.0,,,,,,,,,,,,
223,M12 G,Dalbay pingo,50.04417,100.75444,TT,www.gwu.edu/~calm/data/webforms/mg_f.html,,,,,,,,,,,,,,82.0,,,96.0,,137.0,134.0,,,,,,,,,,,,
224,M12 H,Dalbay gully,51.03111,100.7225,TT,www.gwu.edu/~calm/data/webforms/mg_f.html,,,,,,,,,,,,,,130.0,,,,145.0,143.0,133.0,,,,,,,,,,,,
225,M13,Darhad Tsagaan nuur,51.35556,99.35917,T/B15,www.gwu.edu/~calm/data/webforms/mg_f.html,,,,,,,,,,,,,,,,146.0,150.0,,1.45,,,,,,,,,,,,,
226,M13 A,Darhad Khuurch,51.18722,99.4975,T/B100,www.gwu.edu/~calm/data/webforms/mg_f.html,,,,,,,,,,,,,,,150.0,148.0,158.0,160.0,,,,,,,,,,,,,,
227,M13 B,Darhad Rinchin,51.11472,99.63694,T/B6,www.gwu.edu/~calm/data/webforms/mg_f.html,,,,,,,,,,,,,,,,330.0,,345.0,340.0,,,,,,,,,,,,,
228,M13 C,Darhad Sharga,51.35861,99.47972,T/B6,www.gwu.edu/~calm/data/webforms/mg_f.html,,,,,,,,,,,,,,,,175.0,180.0,,,,,,,,,,,,,,,
229,M14,Terelj open slope,47.98028,100.42528,T/B10,www.gwu.edu/~calm/data/webforms/mg_f.html,,,,,,,,,,,,,,440.0,425.0,440.0,368.0,374.0,421.0,432.0,,,,,,,,,,,,
230,M14 A,Terelj forested slope,47.97944,100.42556,T/B6,www.gwu.edu/~calm/data/webforms/mg_f.html,,,,,,,,,,,,,,300.0,325.0,285.0,235.0,245.0,257.0,240.0,,,,,,,,,,,,
231,M15,Borhujir,48.27528,106.19472,T/B10,www.gwu.edu/~calm/data/webforms/mg_f.html,,,,,,,,,,,,,,,,,,235.0,220.0,220.0,,,,,,,,,,,,
232,M16,Mongot pingo top,49.34722,99.24222,T/B33,www.gwu.edu/~calm/data,,,,,,,,,,,,,,,,,,,,115.0,,,,,,,,,,,,
233,M16A,Khurimt tal,49.29694,98.19,TT,www.gwu.edu/~calm/data,,,,,,,,,,,,,,,,,,,,275.0,,,,,,,,,,,,
234,,,,,,,,,,,,,,,,,,,,,,,,,,,,,,,,,,,,,,
235,CN1,Yutulihe; Northeast China,50.933333,121.333333,T,www.gwu.edu/~calm/data\webforms\cn_f.html,,96.0,100.0,109.0,112.0,,,,,,,,,,,,,,,,,,,,,,,,,,,
236,CN2,Fenghuo Shan,34.333333,97.866667,T/B35,www.gwu.edu/~calm/data/webforms/cn_f.html,,,,,,,,,135.0,137.0,139.0,142.0,143.0,145.0,149.0,154.0,177.0,196.0,182.0,187.0,,,,,,,157.16666666666666,5.552447552447552,-10967.162004662003,0.9127592526093292,3.4326589056276565e-05,0.7858109303121963
237,CN3,Ecology Station,34.733333,92.883333,T,www.gwu.edu/~calm/data/webforms/cn_f.html,,,,,,,,,260.0,263.0,263.0,,,,,,279.0,274.0,273.0,,,,,,,,,,,,,
238,CN4,Wuli,35.433333,93.6,T,www.gwu.edu/~calm/data/webforms/cn_f.html,,,,,,,,,,,,,,,,,337.0,319.0,292.0,317.0,,,,,,,,,,,,
239,CN5,Lower Two Rivers,34.466667,92.733333,T/B40,www.gwu.edu/~calm/data/(EmptyReference!),,,,,,,,,,,87.0,89.0,89.0,107.0,,,122.0,110.0,100.0,119.0,,,,,,,,,,,,
240,CN6,Upper Two Rivers,31.816667,91.733333,T/B18,www.gwu.edu/~calm/data/webforms/cn_f.html,,,,,,,,,,,,,,,,,,,,,,,,,,,,,,,,
241,CN7,Kunlun Basin,35.616667,94.066667,T,www.gwu.edu/~calm/data/webforms/cn_f.html,,,,,,,,,,,,,,136.0,136.0,139.0,142.0,138.0,137.0,,,,,,,,,,,,,
242,CN8,Glacier Station,43.216667,87.116667,T,www.gwu.edu/~calm/data/webforms/cn_f.html,,,,,,,,,,,,,,,,,,,,,,,,,,,,,,,,
243,CN9,Da Xi Gou (Glacier Station),43.116667,86.85,T,www.gwu.edu/~calm/data/webforms/cn_f.html,,,,,,,,,,,,,,,,,,,,,,,,,,,,,,,,
244,CN10,Deep Borehole,43.116667,86.85,T,www.gwu.edu/~calm/data\webforms\cn_f.html,,,,,,,,,,,,,,,,,,,,,,,,,,,,,,,,
245,CN11,Shallow Borehole,43.1,86.816667,T,www.gwu.edu/~calm/data/webforms/cn_f.html,,,,,,,,,,,,,,,,,,,,,,,,,,,,,,,,
246,,,,,,,,,,,,,,,,,,,,,,,,,,,,,,,,,,,,,,
247,K0,Northern Tien Shan; Cosmostation,43.083333,76.916667,T/B25,www.gwu.edu/~calm/data\webforms\k_f.html,480.0,510.0,510.0,470.0,490.0,480.0,470.0,480.0,480.0,490.0,490.0,500.0,490.0,492.0,496.0,500.0,495.0,505.0,513.0,638.0,688.0,569.0,,,,,510.72727272727275,5.016374929418408,-9524.530773574254,0.6048076645258301,0.0028651611299497005,1.4769760605538935
248,K1,Northern Tien Shan; Cosmostation,43.083333,76.916667,T/B14,www.gwu.edu/~calm/data/webforms/k_f.html,450.0,490.0,460.0,420.0,500.0,510.0,490.0,500.0,500.0,520.0,510.0,465.0,470.0,475.0,,,,495.0,500.0,495.0,486.0,457.0,,,,,483.8421052631579,0.6300970873786405,-776.2194174757276,0.16989715858669036,0.48682347843048834,0.8864141681494995
249,K2,Northern Tien Shan; Cosmostation,43.083333,76.916667,T/B14,www.gwu.edu/~calm/data/webforms/k_f.html,,,,,,,,,410.0,420.0,460.0,470.0,480.0,470.0,480.0,470.0,485.0,455.0,450.0,347.0,381.0,300.0,,,,,434.14285714285717,-6.826373626373625,14117.608791208788,-0.5072635457742057,0.06410103242037793,3.347863352511587
